p0,top_1_prob,top_1_drop,rand_1_prob,rand_1_drop,top_3_prob,top_3_drop,rand_3_prob,rand_3_drop,top_5_prob,top_5_drop,rand_5_prob,rand_5_drop,top_10_prob,top_10_drop,rand_10_prob,rand_10_drop,fraudulent
0.9989207983016968,0.994963526725769,0.003957271575927734,0.9988831877708435,3.7610530853271484e-05,0.9921148419380188,0.0068059563636779785,0.998838484287262,8.231401443481445e-05,0.9939716458320618,0.00494915246963501,0.9988201260566711,0.00010067224502563477,0.9970230460166931,0.0018977522850036621,0.9982333183288574,0.0006874799728393555,1
0.18563325703144073,0.18458876013755798,0.0010444968938827515,0.18676361441612244,-0.0011303573846817017,0.1830715537071228,0.002561703324317932,0.1905076652765274,-0.00487440824508667,0.18174563348293304,0.0038876235485076904,0.19168803095817566,-0.006054773926734924,0.17753610014915466,0.008097156882286072,0.19424980878829956,-0.008616551756858826,1
1.0,1.0,0.0,1.0,0.0,0.9999998807907104,1.1920928955078125e-07,1.0,0.0,0.9999998807907104,1.1920928955078125e-07,1.0,0.0,0.9999998807907104,1.1920928955078125e-07,1.0,0.0,1
0.41098329424858093,0.3744469881057739,0.03653630614280701,0.39786604046821594,0.01311725378036499,0.3436567485332489,0.06732654571533203,0.3809053599834442,0.03007793426513672,0.32998740673065186,0.08099588751792908,0.36009788513183594,0.050885409116744995,0.3166332542896271,0.09435003995895386,0.336300253868103,0.0746830403804779,1
0.9999754428863525,0.9999617338180542,1.3709068298339844e-05,0.999969482421875,5.9604644775390625e-06,0.9999262094497681,4.9233436584472656e-05,0.9999711513519287,4.291534423828125e-06,0.9998829364776611,9.250640869140625e-05,0.9999372959136963,3.814697265625e-05,0.9995689988136292,0.00040644407272338867,0.9999098777770996,6.556510925292969e-05,1
1.0,1.0,0.0,1.0,0.0,1.0,0.0,1.0,0.0,1.0,0.0,1.0,0.0,1.0,0.0,1.0,0.0,1
0.9999569654464722,0.9999592304229736,-2.2649765014648438e-06,0.9999624490737915,-5.4836273193359375e-06,0.9999697208404541,-1.2755393981933594e-05,0.9999665021896362,-9.5367431640625e-06,0.9999591112136841,-2.1457672119140625e-06,0.9999744892120361,-1.7523765563964844e-05,0.9999226331710815,3.4332275390625e-05,0.9999401569366455,1.6808509826660156e-05,1
0.7497665882110596,0.9054846167564392,-0.15571802854537964,0.7479700446128845,0.0017965435981750488,0.8044612407684326,-0.05469465255737305,0.7834794521331787,-0.03371286392211914,0.7859972715377808,-0.03623068332672119,0.8516122698783875,-0.10184568166732788,0.9204212427139282,-0.17065465450286865,0.8748078942298889,-0.12504130601882935,1
0.9999860525131226,0.9999822378158569,3.814697265625e-06,0.9999860525131226,0.0,0.999975323677063,1.0728836059570312e-05,0.9999862909317017,-2.384185791015625e-07,0.9999731779098511,1.2874603271484375e-05,0.999982476234436,3.5762786865234375e-06,0.9999440908432007,4.1961669921875e-05,0.9999814033508301,4.649162292480469e-06,1
0.8683784604072571,0.9235735535621643,-0.05519509315490723,0.9108468294143677,-0.042468369007110596,0.9729994535446167,-0.10462099313735962,0.9741025567054749,-0.10572409629821777,0.9132543206214905,-0.0448758602142334,0.9654234647750854,-0.09704500436782837,0.9787494540214539,-0.11037099361419678,0.8800604939460754,-0.01168203353881836,1
0.9804830551147461,0.9408025145530701,0.039680540561676025,0.9876300692558289,-0.007147014141082764,0.9817197918891907,-0.00123673677444458,0.9456729292869568,0.03481012582778931,0.9661865234375,0.014296531677246094,0.960974395275116,0.019508659839630127,0.9841947555541992,-0.003711700439453125,0.7997685074806213,0.18071454763412476,1
1.0,1.0,0.0,1.0,0.0,1.0,0.0,1.0,0.0,1.0,0.0,1.0,0.0,1.0,0.0,1.0,0.0,1
0.5153694152832031,0.46340399980545044,0.051965415477752686,0.7277365922927856,-0.21236717700958252,0.5104145407676697,0.004954874515533447,0.7973594665527344,-0.28199005126953125,,,,,,,,,1
0.40943774580955505,0.36463281512260437,0.044804930686950684,0.4472847282886505,-0.03784698247909546,0.34356263279914856,0.0658751130104065,0.4663066267967224,-0.05686888098716736,0.3328472077846527,0.07659053802490234,0.518541693687439,-0.10910394787788391,0.33377698063850403,0.07566076517105103,0.4392062723636627,-0.029768526554107666,1
0.9931284189224243,0.994956910610199,-0.0018284916877746582,0.9924161434173584,0.000712275505065918,0.9881205558776855,0.0050078630447387695,0.9930978417396545,3.057718276977539e-05,0.9903832077980042,0.002745211124420166,0.9937834739685059,-0.000655055046081543,0.9874706864356995,0.0056577324867248535,0.9930603504180908,6.80685043334961e-05,1
1.0,1.0,0.0,1.0,0.0,1.0,0.0,1.0,0.0,1.0,0.0,1.0,0.0,1.0,0.0,1.0,0.0,1
1.0,1.0,0.0,1.0,0.0,0.9999998807907104,1.1920928955078125e-07,1.0,0.0,0.9999998807907104,1.1920928955078125e-07,1.0,0.0,1.0,0.0,0.9999998807907104,1.1920928955078125e-07,1
1.0,1.0,0.0,1.0,0.0,0.9999998807907104,1.1920928955078125e-07,1.0,0.0,0.9999997615814209,2.384185791015625e-07,0.9999998807907104,1.1920928955078125e-07,0.999998927116394,1.0728836059570312e-06,0.9999997615814209,2.384185791015625e-07,1
0.7569246292114258,0.7953219413757324,-0.03839731216430664,0.8109483122825623,-0.054023683071136475,0.49248403310775757,0.2644405961036682,0.9076248407363892,-0.15070021152496338,0.5907769203186035,0.16614770889282227,0.8893935680389404,-0.13246893882751465,0.5423030257225037,0.21462160348892212,0.7407877445220947,0.016136884689331055,1
0.9999005794525146,0.9998446702957153,5.5909156799316406e-05,0.9998906850814819,9.894371032714844e-06,0.9995515942573547,0.0003489851951599121,0.9998331069946289,6.747245788574219e-05,0.9996649026870728,0.00023567676544189453,0.9998654127120972,3.516674041748047e-05,0.9994561076164246,0.0004444718360900879,0.9993001222610474,0.0006004571914672852,1
1.0,1.0,0.0,1.0,0.0,1.0,0.0,1.0,0.0,1.0,0.0,1.0,0.0,1.0,0.0,1.0,0.0,1
0.3059857189655304,0.3081676661968231,-0.0021819472312927246,0.3066306710243225,-0.0006449520587921143,0.31135377287864685,-0.005368053913116455,0.31673330068588257,-0.010747581720352173,0.32041168212890625,-0.014425963163375854,0.3218050003051758,-0.015819281339645386,0.33135339617729187,-0.025367677211761475,0.32736992835998535,-0.021384209394454956,1
0.9976822137832642,0.9950501322746277,0.0026320815086364746,0.9977533221244812,-7.110834121704102e-05,0.9941686391830444,0.0035135746002197266,0.997780978679657,-9.876489639282227e-05,0.9977768063545227,-9.459257125854492e-05,0.9986403584480286,-0.0009581446647644043,0.997309684753418,0.0003725290298461914,0.9910441637039185,0.006638050079345703,1
0.3720623850822449,0.3763252794742584,-0.00426289439201355,0.38388124108314514,-0.011818856000900269,0.3977610468864441,-0.02569866180419922,0.40209880471229553,-0.03003641963005066,0.38369011878967285,-0.011627733707427979,0.40276965498924255,-0.03070726990699768,0.3637245297431946,0.008337855339050293,0.3989633023738861,-0.026900917291641235,1
0.36238059401512146,0.34379929304122925,0.018581300973892212,0.3715907633304596,-0.009210169315338135,0.35853561758995056,0.0038449764251708984,0.4223082363605499,-0.05992764234542847,0.3505469858646393,0.011833608150482178,0.438247412443161,-0.07586681842803955,0.34401488304138184,0.018365710973739624,0.4250814616680145,-0.06270086765289307,1
0.9996222257614136,0.9997156262397766,-9.340047836303711e-05,0.9996984004974365,-7.617473602294922e-05,0.9995751976966858,4.70280647277832e-05,0.9996986389160156,-7.641315460205078e-05,0.9994388222694397,0.00018340349197387695,0.9989913105964661,0.0006309151649475098,0.99811851978302,0.0015037059783935547,0.998590886592865,0.001031339168548584,1
0.9999986886978149,0.9999990463256836,-3.5762786865234375e-07,0.9999988079071045,-1.1920928955078125e-07,0.9999983310699463,3.5762786865234375e-07,0.9999988079071045,-1.1920928955078125e-07,0.9999980926513672,5.960464477539062e-07,0.9999988079071045,-1.1920928955078125e-07,0.9999897480010986,8.940696716308594e-06,0.999998927116394,-2.384185791015625e-07,1
1.0,1.0,0.0,1.0,0.0,1.0,0.0,1.0,0.0,1.0,0.0,1.0,0.0,1.0,0.0,1.0,0.0,1
0.9999969005584717,0.9999951124191284,1.7881393432617188e-06,0.9999967813491821,1.1920928955078125e-07,0.999991774559021,5.125999450683594e-06,0.9999959468841553,9.5367431640625e-07,0.9999892711639404,7.62939453125e-06,0.9999946355819702,2.2649765014648438e-06,0.9999886751174927,8.225440979003906e-06,0.9999921321868896,4.76837158203125e-06,1
0.8614681363105774,0.9324821829795837,-0.07101404666900635,0.8339874148368835,0.027480721473693848,0.9536840915679932,-0.09221595525741577,0.7672869563102722,0.09418118000030518,0.777694821357727,0.08377331495285034,0.8393703103065491,0.02209782600402832,0.9067547917366028,-0.04528665542602539,0.8576149344444275,0.0038532018661499023,1
0.9999302625656128,0.999904990196228,2.5272369384765625e-05,0.9999024868011475,2.777576446533203e-05,0.9998912811279297,3.898143768310547e-05,0.9997953772544861,0.00013488531112670898,0.9999113082885742,1.895427703857422e-05,0.9997338652610779,0.0001963973045349121,0.9997935891151428,0.0001366734504699707,0.999687671661377,0.00024259090423583984,1
0.9979561567306519,0.9967617988586426,0.0011943578720092773,0.99320387840271,0.0047522783279418945,0.9937297105789185,0.0042264461517333984,0.9964345693588257,0.0015215873718261719,0.9967958331108093,0.0011603236198425293,0.9973630309104919,0.0005931258201599121,0.9870643615722656,0.01089179515838623,0.9945479035377502,0.0034082531929016113,1
0.7259437441825867,0.6528368592262268,0.07310688495635986,0.7455312609672546,-0.01958751678466797,0.5242348313331604,0.20170891284942627,0.760915219783783,-0.03497147560119629,0.5622223019599915,0.16372144222259521,0.7385601997375488,-0.012616455554962158,0.5098433494567871,0.21610039472579956,0.7422435879707336,-0.016299843788146973,1
1.0,1.0,0.0,1.0,0.0,1.0,0.0,1.0,0.0,1.0,0.0,1.0,0.0,1.0,0.0,1.0,0.0,1
0.97971510887146,0.9586647748947144,0.021050333976745605,0.97971510887146,0.0,0.9416441917419434,0.0380709171295166,0.932163655757904,0.04755145311355591,0.9094708561897278,0.07024425268173218,0.9320809245109558,0.04763418436050415,0.831327497959137,0.148387610912323,0.8369960784912109,0.14271903038024902,1
0.9999991655349731,0.9999994039535522,-2.384185791015625e-07,0.9999990463256836,1.1920928955078125e-07,0.999998927116394,2.384185791015625e-07,0.9999991655349731,0.0,0.9999945163726807,4.649162292480469e-06,0.9999992847442627,-1.1920928955078125e-07,0.9999957084655762,3.4570693969726562e-06,0.9999990463256836,1.1920928955078125e-07,1
0.35376667976379395,0.3544793725013733,-0.0007126927375793457,0.3569762408733368,-0.0032095611095428467,0.33397141098976135,0.019795268774032593,0.3669103682041168,-0.013143688440322876,0.33652132749557495,0.017245352268218994,0.3683033287525177,-0.014536648988723755,0.34702950716018677,0.006737172603607178,0.3753148317337036,-0.021548151969909668,1
0.23665308952331543,0.23992225527763367,-0.0032691657543182373,0.2350405752658844,0.0016125142574310303,0.23677900433540344,-0.0001259148120880127,0.23556774854660034,0.0010853409767150879,0.23346130549907684,0.0031917840242385864,0.23693041503429413,-0.00027732551097869873,0.23612511157989502,0.0005279779434204102,0.24118861556053162,-0.0045355260372161865,1
0.9997782111167908,0.9994242191314697,0.0003539919853210449,0.9998196959495544,-4.1484832763671875e-05,0.9989556074142456,0.000822603702545166,0.9998335838317871,-5.537271499633789e-05,0.9990522265434265,0.0007259845733642578,0.99980229139328,-2.4080276489257812e-05,0.998102605342865,0.0016756057739257812,0.9997238516807556,5.435943603515625e-05,1
0.3258849084377289,0.3144906759262085,0.011394232511520386,0.32521283626556396,0.000672072172164917,0.3117053508758545,0.01417955756187439,0.33485472202301025,-0.008969813585281372,0.31165626645088196,0.014228641986846924,0.3396531045436859,-0.013768196105957031,0.3112049698829651,0.014679938554763794,0.33743569254875183,-0.01155078411102295,1
0.8443481922149658,0.7313069105148315,0.11304128170013428,0.8275495171546936,0.016798675060272217,0.640557050704956,0.20379114151000977,0.7546479105949402,0.08970028162002563,0.6429488062858582,0.20139938592910767,0.8126658201217651,0.031682372093200684,0.6001049876213074,0.24424320459365845,0.9050949215888977,-0.060746729373931885,1
0.9999823570251465,0.9999722242355347,1.0132789611816406e-05,0.9999817609786987,5.960464477539062e-07,0.9999731779098511,9.179115295410156e-06,0.999980092048645,2.2649765014648438e-06,0.9999597072601318,2.2649765014648438e-05,0.999976634979248,5.7220458984375e-06,0.9999140501022339,6.830692291259766e-05,0.9999537467956543,2.86102294921875e-05,1
1.0,1.0,0.0,1.0,0.0,1.0,0.0,1.0,0.0,0.9999998807907104,1.1920928955078125e-07,1.0,0.0,0.9999997615814209,2.384185791015625e-07,0.9999998807907104,1.1920928955078125e-07,1
0.3082526624202728,0.315316766500473,-0.007064104080200195,0.3126002252101898,-0.004347562789916992,0.3223211169242859,-0.014068454504013062,0.3067888915538788,0.001463770866394043,0.3278411626815796,-0.019588500261306763,0.29948925971984863,0.008763402700424194,0.3294844627380371,-0.021231800317764282,0.31106433272361755,-0.0028116703033447266,1
0.9998350143432617,0.9996742010116577,0.0001608133316040039,0.9998350143432617,0.0,0.9995738863945007,0.00026112794876098633,0.9998168349266052,1.817941665649414e-05,0.9994052648544312,0.0004297494888305664,0.9998088479042053,2.6166439056396484e-05,0.9994778037071228,0.000357210636138916,0.9996629953384399,0.00017201900482177734,1
0.94210284948349,0.9117120504379272,0.030390799045562744,0.9508349299430847,-0.008732080459594727,0.8745852708816528,0.06751757860183716,0.9235261678695679,0.01857668161392212,0.7605842351913452,0.18151861429214478,0.8784216642379761,0.06368118524551392,0.9792241454124451,-0.03712129592895508,0.8572612404823303,0.08484160900115967,1
1.0,1.0,0.0,1.0,0.0,0.9999998807907104,1.1920928955078125e-07,1.0,0.0,0.9999997615814209,2.384185791015625e-07,0.9999998807907104,1.1920928955078125e-07,0.9999994039535522,5.960464477539062e-07,0.9999998807907104,1.1920928955078125e-07,1
0.9999874830245972,0.9999806880950928,6.794929504394531e-06,0.9999871253967285,3.5762786865234375e-07,0.9999814033508301,6.079673767089844e-06,0.9999885559082031,-1.0728836059570312e-06,0.9999722242355347,1.52587890625e-05,0.999988317489624,-8.344650268554688e-07,0.999941349029541,4.6133995056152344e-05,0.9999881982803345,-7.152557373046875e-07,1
0.4339772164821625,0.429136723279953,0.004840493202209473,0.41951531171798706,0.014461904764175415,0.4295426905155182,0.004434525966644287,0.4206264615058899,0.013350754976272583,0.44441118836402893,-0.010433971881866455,0.43462470173835754,-0.0006474852561950684,0.42393216490745544,0.010045051574707031,0.588373601436615,-0.15439638495445251,1
0.9999755620956421,0.9999829530715942,-7.3909759521484375e-06,0.9999679327011108,7.62939453125e-06,0.9999542236328125,2.1338462829589844e-05,0.9999494552612305,2.6106834411621094e-05,0.9999542236328125,2.1338462829589844e-05,0.9999454021453857,3.0159950256347656e-05,0.9998891353607178,8.64267349243164e-05,0.9999488592147827,2.6702880859375e-05,1
0.9966134428977966,0.9938226938247681,0.0027907490730285645,0.9966134428977966,0.0,0.9761650562286377,0.020448386669158936,0.978776752948761,0.017836689949035645,0.9556135535240173,0.0409998893737793,0.9482448101043701,0.048368632793426514,0.9764927625656128,0.020120680332183838,0.9193623661994934,0.07725107669830322,1
0.22378474473953247,0.21868695318698883,0.00509779155254364,0.22314462065696716,0.0006401240825653076,0.22308780252933502,0.0006969422101974487,0.22662219405174255,-0.002837449312210083,0.2170291244983673,0.006755620241165161,0.2261398583650589,-0.0023551136255264282,0.22679033875465393,-0.00300559401512146,0.23556125164031982,-0.011776506900787354,1
0.9998916387557983,0.99985671043396,3.4928321838378906e-05,0.9998916387557983,0.0,0.9997754693031311,0.00011616945266723633,0.9998736381530762,1.800060272216797e-05,0.9997625946998596,0.0001290440559387207,0.9999122619628906,-2.0623207092285156e-05,0.9994065761566162,0.0004850625991821289,0.9998915195465088,1.1920928955078125e-07,1
1.0,1.0,0.0,1.0,0.0,1.0,0.0,1.0,0.0,1.0,0.0,1.0,0.0,1.0,0.0,1.0,0.0,1
0.999995231628418,0.9999926090240479,2.6226043701171875e-06,0.9999926090240479,2.6226043701171875e-06,0.9999901056289673,5.125999450683594e-06,0.9999896287918091,5.602836608886719e-06,0.9999202489852905,7.49826431274414e-05,0.9999724626541138,2.276897430419922e-05,0.999639630317688,0.00035560131072998047,0.9998914003372192,0.00010383129119873047,1
0.2995404303073883,0.3158307373523712,-0.01629030704498291,0.30824509263038635,-0.008704662322998047,0.31459322571754456,-0.01505279541015625,0.309059739112854,-0.009519308805465698,0.272769033908844,0.02677139639854431,0.27656200528144836,0.02297842502593994,0.2348015457391739,0.06473888456821442,0.2641751766204834,0.03536525368690491,1
0.450459748506546,0.35551491379737854,0.09494483470916748,0.4808025062084198,-0.03034275770187378,0.35169893503189087,0.09876081347465515,0.5137887001037598,-0.06332895159721375,0.32973042130470276,0.12072932720184326,0.5542298555374146,-0.10377010703086853,0.31094518303871155,0.13951456546783447,0.63441401720047,-0.18395426869392395,1
0.9962360262870789,0.9956466555595398,0.0005893707275390625,0.9962360262870789,0.0,0.989568293094635,0.006667733192443848,0.9952948689460754,0.000941157341003418,0.9919472336769104,0.004288792610168457,0.9949737787246704,0.0012622475624084473,0.9764909744262695,0.019745051860809326,0.9951613545417786,0.001074671745300293,1
0.9999995231628418,0.9999996423721313,-1.1920928955078125e-07,0.9999995231628418,0.0,0.9999992847442627,2.384185791015625e-07,0.9999996423721313,-1.1920928955078125e-07,0.9999996423721313,-1.1920928955078125e-07,0.9999995231628418,0.0,0.9999988079071045,7.152557373046875e-07,0.9999990463256836,4.76837158203125e-07,1
0.46814754605293274,0.47367820143699646,-0.005530655384063721,0.4735744893550873,-0.005426943302154541,0.4860422611236572,-0.017894715070724487,0.4740271270275116,-0.005879580974578857,0.5653464198112488,-0.09719887375831604,0.4833095073699951,-0.015161961317062378,0.45258238911628723,0.015565156936645508,0.55966717004776,-0.09151962399482727,1
1.0,1.0,0.0,1.0,0.0,1.0,0.0,1.0,0.0,1.0,0.0,1.0,0.0,1.0,0.0,1.0,0.0,1
0.5782756209373474,0.510852575302124,0.06742304563522339,0.5309889912605286,0.04728662967681885,0.5763896107673645,0.0018860101699829102,0.568477988243103,0.009797632694244385,0.4899481534957886,0.08832746744155884,0.5705543160438538,0.007721304893493652,0.5583108067512512,0.01996481418609619,0.5353295207023621,0.04294610023498535,1
0.9999490976333618,0.999868631362915,8.046627044677734e-05,0.9999490976333618,0.0,0.9995453953742981,0.0004037022590637207,0.9999198913574219,2.9206275939941406e-05,0.999424934387207,0.0005241632461547852,0.9998893737792969,5.9723854064941406e-05,0.9991212487220764,0.0008278489112854004,0.9995360374450684,0.00041306018829345703,1
0.12041379511356354,0.12153230607509613,-0.0011185109615325928,0.12037716060876846,3.663450479507446e-05,0.12153230607509613,-0.0011185109615325928,0.12034554779529572,6.824731826782227e-05,0.12362990528345108,-0.0032161101698875427,0.12157180905342102,-0.001158013939857483,0.12645834684371948,-0.006044551730155945,0.12633781135082245,-0.005924016237258911,1
1.0,0.9999998807907104,1.1920928955078125e-07,1.0,0.0,0.9999998807907104,1.1920928955078125e-07,0.9999998807907104,1.1920928955078125e-07,0.9999998807907104,1.1920928955078125e-07,0.9999998807907104,1.1920928955078125e-07,0.9999998807907104,1.1920928955078125e-07,0.9999998807907104,1.1920928955078125e-07,1
0.37624460458755493,0.3825407326221466,-0.006296128034591675,0.3868042528629303,-0.010559648275375366,0.36655300855636597,0.009691596031188965,0.4019635319709778,-0.02571892738342285,0.3953191041946411,-0.01907449960708618,0.3967171013355255,-0.02047249674797058,0.37318387627601624,0.0030607283115386963,0.4036552608013153,-0.027410656213760376,1
0.5607504844665527,0.5607505440711975,-5.960464477539063e-08,0.5607505440711975,-5.960464477539063e-08,0.7284110188484192,-0.16766053438186646,0.7284110188484192,-0.16766053438186646,,,,,,,,,1
0.335222452878952,0.33420613408088684,0.0010163187980651855,0.3354611396789551,-0.00023868680000305176,0.3369865119457245,-0.001764059066772461,0.32157382369041443,0.013648629188537598,0.3493787944316864,-0.014156341552734375,0.327781081199646,0.00744137167930603,0.35072076320648193,-0.015498310327529907,0.3451462388038635,-0.009923785924911499,1
0.9981606602668762,0.998023271560669,0.0001373887062072754,0.9978760480880737,0.00028461217880249023,0.9979453682899475,0.00021529197692871094,0.9980453252792358,0.00011533498764038086,0.9962360262870789,0.0019246339797973633,0.9968878626823425,0.0012727975845336914,0.9961583018302917,0.0020023584365844727,0.9967537522315979,0.0014069080352783203,1
0.9930070638656616,0.9801013469696045,0.012905716896057129,0.9949377775192261,-0.0019307136535644531,0.9810510873794556,0.011955976486206055,0.9943637847900391,-0.0013567209243774414,0.9737510085105896,0.01925605535507202,0.9933581948280334,-0.00035113096237182617,0.9939746260643005,-0.000967562198638916,0.9972748160362244,-0.004267752170562744,1
0.9999994039535522,0.9999991655349731,2.384185791015625e-07,0.9999994039535522,0.0,0.9999992847442627,1.1920928955078125e-07,0.9999990463256836,3.5762786865234375e-07,0.9999990463256836,3.5762786865234375e-07,0.9999985694885254,8.344650268554688e-07,0.9999905824661255,8.821487426757812e-06,0.9999945163726807,4.887580871582031e-06,1
0.9631561040878296,0.8772127032279968,0.08594340085983276,0.9627230167388916,0.0004330873489379883,0.7991946339607239,0.1639614701271057,0.8863077163696289,0.07684838771820068,0.6978887915611267,0.2652673125267029,0.8574633002281189,0.1056928038597107,0.7528618574142456,0.21029424667358398,0.9241042137145996,0.03905189037322998,1
1.0,1.0,0.0,1.0,0.0,1.0,0.0,1.0,0.0,1.0,0.0,1.0,0.0,1.0,0.0,1.0,0.0,1
1.0,1.0,0.0,1.0,0.0,1.0,0.0,1.0,0.0,1.0,0.0,1.0,0.0,0.9999998807907104,1.1920928955078125e-07,0.9999998807907104,1.1920928955078125e-07,1
0.9999996423721313,0.9999995231628418,1.1920928955078125e-07,0.9999995231628418,1.1920928955078125e-07,0.9999995231628418,1.1920928955078125e-07,0.9999992847442627,3.5762786865234375e-07,0.999998927116394,7.152557373046875e-07,0.9999991655349731,4.76837158203125e-07,0.9999971389770508,2.5033950805664062e-06,0.9999984502792358,1.1920928955078125e-06,1
0.9981414079666138,0.9955246448516846,0.0026167631149291992,0.9958903193473816,0.0022510886192321777,0.9941962957382202,0.003945112228393555,0.998096764087677,4.464387893676758e-05,0.9965261816978455,0.0016152262687683105,0.998149037361145,-7.62939453125e-06,0.9939247965812683,0.004216611385345459,0.9991963505744934,-0.0010549426078796387,1
0.2630394697189331,0.2613944411277771,0.0016450285911560059,0.2638561427593231,-0.0008166730403900146,0.2395336627960205,0.023505806922912598,0.263689249753952,-0.0006497800350189209,0.2385266274213791,0.024512842297554016,0.2663096785545349,-0.0032702088356018066,0.23533548414707184,0.027703985571861267,0.26631924510002136,-0.003279775381088257,1
1.0,1.0,0.0,1.0,0.0,1.0,0.0,1.0,0.0,1.0,0.0,1.0,0.0,1.0,0.0,1.0,0.0,1
0.3642113208770752,0.37023091316223145,-0.00601959228515625,0.36483126878738403,-0.0006199479103088379,0.3830188810825348,-0.018807560205459595,0.3743599057197571,-0.010148584842681885,0.36558276414871216,-0.0013714432716369629,0.3709464371204376,-0.006735116243362427,0.3729434609413147,-0.008732140064239502,0.369437038898468,-0.005225718021392822,1
0.9784820675849915,0.9468224048614502,0.03165966272354126,0.9615119099617004,0.016970157623291016,0.9833304286003113,-0.004848361015319824,0.9442342519760132,0.03424781560897827,0.9695299863815308,0.008952081203460693,0.8839724659919739,0.09450960159301758,0.9857463836669922,-0.007264316082000732,0.9595926403999329,0.018889427185058594,1
0.9590949416160583,0.9316830039024353,0.027411937713623047,0.9654217958450317,-0.006326854228973389,0.9354719519615173,0.023622989654541016,0.9550060629844666,0.004088878631591797,0.9325222373008728,0.026572704315185547,0.9705290794372559,-0.01143413782119751,0.5272716283798218,0.4318233132362366,0.972197949886322,-0.013103008270263672,1
0.23176604509353638,0.2347976267337799,-0.0030315816402435303,0.23509478569030762,-0.0033287405967712402,0.23242075741291046,-0.0006547123193740845,0.23833966255187988,-0.006573617458343506,0.23229993879795074,-0.0005338937044143677,0.2487298548221588,-0.016963809728622437,0.23171590268611908,5.014240741729736e-05,0.26189276576042175,-0.030126720666885376,1
0.9999428987503052,0.9999141693115234,2.872943878173828e-05,0.9999339580535889,8.940696716308594e-06,0.9998099207878113,0.00013297796249389648,0.9999369382858276,5.9604644775390625e-06,0.9996165037155151,0.00032639503479003906,0.9999517202377319,-8.821487426757812e-06,0.9992437362670898,0.000699162483215332,0.9999363422393799,6.556510925292969e-06,1
0.9999988079071045,0.9999986886978149,1.1920928955078125e-07,0.9999990463256836,-2.384185791015625e-07,0.9999982118606567,5.960464477539062e-07,0.9999985694885254,2.384185791015625e-07,0.9999970197677612,1.7881393432617188e-06,0.9999969005584717,1.9073486328125e-06,0.9999982118606567,5.960464477539062e-07,0.9999935626983643,5.245208740234375e-06,1
0.9999997615814209,0.9999997615814209,0.0,0.9999997615814209,0.0,0.9999996423721313,1.1920928955078125e-07,0.9999996423721313,1.1920928955078125e-07,0.9999983310699463,1.430511474609375e-06,0.9999992847442627,4.76837158203125e-07,0.9999927282333374,7.033348083496094e-06,0.9999984502792358,1.3113021850585938e-06,1
1.0,1.0,0.0,1.0,0.0,1.0,0.0,1.0,0.0,1.0,0.0,1.0,0.0,1.0,0.0,1.0,0.0,1
0.546237587928772,0.41336318850517273,0.13287439942359924,0.4876343011856079,0.05860328674316406,0.3801612854003906,0.16607630252838135,0.5052142143249512,0.0410233736038208,0.4272974133491516,0.11894017457962036,0.5204787254333496,0.025758862495422363,0.5442761778831482,0.0019614100456237793,0.6609203815460205,-0.11468279361724854,1
0.1771494448184967,0.17396706342697144,0.0031823813915252686,0.17763425409793854,-0.0004848092794418335,0.17110085487365723,0.0060485899448394775,0.1805892437696457,-0.003439798951148987,0.1698220819234848,0.007327362895011902,0.18150694668293,-0.004357501864433289,0.17648060619831085,0.000668838620185852,0.18359027802944183,-0.006440833210945129,1
0.7026326060295105,0.7984227538108826,-0.09579014778137207,0.7580703496932983,-0.05543774366378784,0.6350069642066956,0.06762564182281494,0.6219766139984131,0.08065599203109741,0.661914050579071,0.04071855545043945,0.8129932880401611,-0.11036068201065063,0.6892109513282776,0.01342165470123291,0.7001489400863647,0.002483665943145752,1
0.30992430448532104,0.31678155064582825,-0.006857246160507202,0.31496185064315796,-0.005037546157836914,0.30459699034690857,0.005327314138412476,0.31731054186820984,-0.007386237382888794,0.29600265622138977,0.013921648263931274,0.31822314858436584,-0.0082988440990448,0.30972424149513245,0.00020006299018859863,0.3270612061023712,-0.01713690161705017,1
0.9228452444076538,0.9507302641868591,-0.027885019779205322,0.9334538578987122,-0.01060861349105835,0.9712486863136292,-0.04840344190597534,0.741024911403656,0.1818203330039978,0.9658499956130981,-0.043004751205444336,0.6798220872879028,0.24302315711975098,0.6156620383262634,0.3071832060813904,0.7576817274093628,0.16516351699829102,1
1.0,1.0,0.0,1.0,0.0,1.0,0.0,1.0,0.0,1.0,0.0,1.0,0.0,1.0,0.0,1.0,0.0,1
0.9999094009399414,0.9998849630355835,2.4437904357910156e-05,0.999881386756897,2.8014183044433594e-05,0.9995265007019043,0.0003829002380371094,0.9998964071273804,1.2993812561035156e-05,0.9991663694381714,0.0007430315017700195,0.9998414516448975,6.794929504394531e-05,0.9942599534988403,0.005649447441101074,0.9994478821754456,0.0004615187644958496,1
0.960118293762207,0.9357469081878662,0.02437138557434082,0.9769178628921509,-0.016799569129943848,0.7530191540718079,0.20709913969039917,0.9657970666885376,-0.005678772926330566,0.7895717620849609,0.1705465316772461,0.972769558429718,-0.012651264667510986,0.7633370161056519,0.19678127765655518,0.9789755940437317,-0.018857300281524658,1
0.805565357208252,0.6943690180778503,0.11119633913040161,0.8046985864639282,0.0008667707443237305,0.7906435132026672,0.014921844005584717,0.761407196521759,0.04415816068649292,0.698295533657074,0.10726982355117798,0.6588811278343201,0.14668422937393188,0.6103377342224121,0.19522762298583984,0.6779557466506958,0.12760961055755615,1
0.9998133778572083,0.9993892908096313,0.0004240870475769043,0.9998133778572083,0.0,0.9988498687744141,0.0009635090827941895,0.9998413324356079,-2.7954578399658203e-05,0.9987010955810547,0.0011122822761535645,0.9998569488525391,-4.357099533081055e-05,0.9992615580558777,0.0005518198013305664,0.9997349381446838,7.843971252441406e-05,1
0.7790457606315613,0.7729628086090088,0.00608295202255249,0.7788051962852478,0.00024056434631347656,0.7011727690696716,0.07787299156188965,0.7275264263153076,0.05151933431625366,0.804015576839447,-0.024969816207885742,0.6361401081085205,0.14290565252304077,0.889812171459198,-0.11076641082763672,0.6480310559272766,0.13101470470428467,1
0.9999998807907104,0.9999997615814209,1.1920928955078125e-07,0.9999997615814209,1.1920928955078125e-07,0.9999996423721313,2.384185791015625e-07,0.9999991655349731,7.152557373046875e-07,0.9999992847442627,5.960464477539062e-07,0.9999986886978149,1.1920928955078125e-06,0.9999991655349731,7.152557373046875e-07,0.9999960660934448,3.814697265625e-06,1
1.0,1.0,0.0,1.0,0.0,0.9999998807907104,1.1920928955078125e-07,1.0,0.0,0.9999998807907104,1.1920928955078125e-07,1.0,0.0,0.9999996423721313,3.5762786865234375e-07,1.0,0.0,1
0.3588530123233795,0.34407639503479004,0.014776617288589478,0.35805270075798035,0.0008003115653991699,0.35457882285118103,0.004274189472198486,0.3690851926803589,-0.01023218035697937,0.35924965143203735,-0.0003966391086578369,0.36878567934036255,-0.009932667016983032,0.37322673201560974,-0.014373719692230225,0.36642006039619446,-0.007567048072814941,1
0.27876555919647217,0.26938679814338684,0.009378761053085327,0.2765122354030609,0.002253323793411255,0.26907435059547424,0.009691208600997925,0.27516815066337585,0.0035974085330963135,0.2634681165218353,0.01529744267463684,0.27456408739089966,0.00420147180557251,0.2629896402359009,0.01577591896057129,0.277506947517395,0.0012586116790771484,0
0.2708876132965088,0.2714020907878876,-0.0005144774913787842,0.27361518144607544,-0.0027275681495666504,0.278106153011322,-0.007218539714813232,0.2740634083747864,-0.003175795078277588,0.27403900027275085,-0.0031513869762420654,0.27600184082984924,-0.005114227533340454,0.2786661684513092,-0.007778555154800415,0.2781108617782593,-0.007223248481750488,0
0.14210355281829834,0.14216656982898712,-6.301701068878174e-05,0.14210350811481476,4.470348358154297e-08,0.14449776709079742,-0.0023942142724990845,0.14317838847637177,-0.0010748356580734253,0.14681097865104675,-0.004707425832748413,0.14713247120380402,-0.005028918385505676,0.15039949119091034,-0.008295938372612,0.15303494036197662,-0.010931387543678284,0
0.11885368078947067,0.11944634467363358,-0.0005926638841629028,0.1185750886797905,0.0002785921096801758,0.11548849940299988,0.0033651813864707947,0.11825855076313019,0.0005951300263404846,0.11548849940299988,0.0033651813864707947,0.1188160851597786,3.759562969207764e-05,0.11609888076782227,0.002754800021648407,0.11937060952186584,-0.0005169287323951721,0
0.21333692967891693,0.21959495544433594,-0.006258025765419006,0.21258199214935303,0.0007549375295639038,0.2266262024641037,-0.013289272785186768,0.21829745173454285,-0.0049605220556259155,0.2294839471578598,-0.01614701747894287,0.22103093564510345,-0.0076940059661865234,0.2500801980495453,-0.03674326837062836,0.22763372957706451,-0.014296799898147583,0
0.13618305325508118,0.1361723095178604,1.074373722076416e-05,0.13618306815624237,-1.4901161193847656e-08,0.13474144041538239,0.0014416128396987915,0.13797177374362946,-0.0017887204885482788,0.1353924423456192,0.0007906109094619751,0.14073577523231506,-0.004552721977233887,0.13921774923801422,-0.0030346959829330444,0.14160653948783875,-0.005423486232757568,0
0.13852843642234802,0.1372753232717514,0.0012531131505966187,0.13896234333515167,-0.0004339069128036499,0.13517151772975922,0.003356918692588806,0.14077895879745483,-0.0022505223751068115,0.13693910837173462,0.0015893280506134033,0.1418571025133133,-0.003328666090965271,0.13957729935646057,-0.0010488629341125488,0.14513175189495087,-0.006603315472602844,0
0.3747011721134186,0.3840450346469879,-0.009343862533569336,0.377617210149765,-0.0029160380363464355,0.39703601598739624,-0.02233484387397766,0.377617210149765,-0.0029160380363464355,0.390717476606369,-0.01601630449295044,0.37946128845214844,-0.004760116338729858,0.3942987620830536,-0.01959758996963501,0.3956645429134369,-0.02096337080001831,0
0.23905350267887115,0.23248934745788574,0.006564155220985413,0.23971548676490784,-0.0006619840860366821,0.23332072794437408,0.00573277473449707,0.2456129491329193,-0.006559446454048157,0.23353657126426697,0.005516931414604187,0.2481258064508438,-0.009072303771972656,0.23837214708328247,0.0006813555955886841,0.25381675362586975,-0.014763250946998596,0
0.1601955145597458,0.15995143353939056,0.0002440810203552246,0.16489800810813904,-0.0047024935483932495,0.16584274172782898,-0.005647227168083191,0.16044510900974274,-0.00024959444999694824,0.16630418598651886,-0.006108671426773071,0.16062799096107483,-0.00043247640132904053,0.17356495559215546,-0.013369441032409668,0.16196195781230927,-0.0017664432525634766,0
0.23868100345134735,0.23840555548667908,0.0002754479646682739,0.24087035655975342,-0.002189353108406067,0.24206799268722534,-0.0033869892358779907,0.24518656730651855,-0.006505563855171204,0.23664440214633942,0.0020366013050079346,0.244669571518898,-0.005988568067550659,0.23224985599517822,0.006431147456169128,0.2541576325893402,-0.015476629137992859,0
0.14171355962753296,0.14054693281650543,0.0011666268110275269,0.14207705855369568,-0.0003634989261627197,0.14114877581596375,0.0005647838115692139,0.1416371911764145,7.636845111846924e-05,0.14035862684249878,0.0013549327850341797,0.14275947213172913,-0.001045912504196167,0.14453037083148956,-0.002816811203956604,0.14637309312820435,-0.004659533500671387,0
0.129853755235672,0.12960872054100037,0.00024503469467163086,0.1305127888917923,-0.0006590336561203003,0.12941578030586243,0.0004379749298095703,0.13745221495628357,-0.007598459720611572,0.13026781380176544,-0.0004140585660934448,0.13826555013656616,-0.008411794900894165,0.13711276650428772,-0.007259011268615723,0.1466914415359497,-0.01683768630027771,0
0.28587260842323303,0.286671906709671,-0.0007992982864379883,0.29228830337524414,-0.006415694952011108,0.291368693113327,-0.005496084690093994,0.29472270607948303,-0.00885009765625,0.2876902222633362,-0.0018176138401031494,0.29980260133743286,-0.013929992914199829,0.2991047203540802,-0.013232111930847168,0.30890506505966187,-0.023032456636428833,0
0.3506045341491699,0.33845099806785583,0.012153536081314087,0.3489939570426941,0.00161057710647583,0.3390941917896271,0.011510342359542847,0.34989190101623535,0.0007126331329345703,0.3547472357749939,-0.004142701625823975,0.34628137946128845,0.00432315468788147,0.35511112213134766,-0.004506587982177734,0.3704904615879059,-0.019885927438735962,0
0.1829819679260254,0.18086643517017365,0.0021155327558517456,0.18396489322185516,-0.000982925295829773,0.1825210601091385,0.00046090781688690186,0.1849534958600998,-0.001971527934074402,0.1825210601091385,0.00046090781688690186,0.18356482684612274,-0.0005828589200973511,0.1903952807188034,-0.007413312792778015,0.1887092888355255,-0.005727320909500122,0
0.1851154863834381,0.18582692742347717,-0.0007114410400390625,0.1851155012845993,-1.4901161193847656e-08,0.1888604313135147,-0.003744944930076599,0.18765999376773834,-0.002544507384300232,0.1888604313135147,-0.003744944930076599,0.1886393278837204,-0.0035238415002822876,0.20818820595741272,-0.02307271957397461,0.19383569061756134,-0.00872020423412323,0
0.22888609766960144,0.22744710743427277,0.0014389902353286743,0.2285105586051941,0.00037553906440734863,0.2145431786775589,0.014342918992042542,0.2307967096567154,-0.0019106119871139526,0.20589348673820496,0.022992610931396484,0.2293669879436493,-0.00048089027404785156,0.20075379312038422,0.028132304549217224,0.23623692989349365,-0.007350832223892212,0
0.15252982079982758,0.15311330556869507,-0.0005834847688674927,0.1541348695755005,-0.0016050487756729126,0.15157656371593475,0.0009532570838928223,0.15737122297286987,-0.004841402173042297,0.1527591496706009,-0.00022932887077331543,0.1592497080564499,-0.0067198872566223145,0.15693455934524536,-0.004404738545417786,0.16642534732818604,-0.01389552652835846,0
0.1906338334083557,0.19138827919960022,-0.0007544457912445068,0.19344300031661987,-0.00280916690826416,0.1949375718832016,-0.004303738474845886,0.19486188888549805,-0.004228055477142334,0.19491858780384064,-0.004284754395484924,0.194773867726326,-0.004140034317970276,0.1952378898859024,-0.004604056477546692,0.20089584589004517,-0.010262012481689453,0
0.15736675262451172,0.1573667824268341,-2.9802322387695312e-08,0.15844792127609253,-0.0010811686515808105,0.1624615490436554,-0.005094796419143677,0.16025084257125854,-0.002884089946746826,0.1654900461435318,-0.00812329351902008,0.16034774482250214,-0.0029809921979904175,0.16339825093746185,-0.006031498312950134,0.16393299400806427,-0.006566241383552551,0
0.2575913071632385,0.2624947428703308,-0.004903435707092285,0.25759124755859375,5.960464477539063e-08,0.2638794779777527,-0.00628817081451416,0.2609521746635437,-0.0033608675003051758,0.27613189816474915,-0.01854059100151062,0.26706865429878235,-0.009477347135543823,0.30687111616134644,-0.04927980899810791,0.3002961575984955,-0.04270485043525696,0
0.1420143097639084,0.1420140415430069,2.682209014892578e-07,0.14337866008281708,-0.0013643503189086914,0.14338169991970062,-0.0013673901557922363,0.14404238760471344,-0.0020280778408050537,0.15017937123775482,-0.008165061473846436,0.1490696668624878,-0.007055357098579407,0.15298686921596527,-0.010972559452056885,0.152109295129776,-0.010094985365867615,0
0.2757430672645569,0.2757430970668793,-2.9802322387695312e-08,0.27044129371643066,0.005301773548126221,0.2782634496688843,-0.0025203824043273926,0.27125903964042664,0.004484027624130249,0.27934733033180237,-0.0036042630672454834,0.2712601125240326,0.004482954740524292,0.27779772877693176,-0.002054661512374878,0.27865099906921387,-0.0029079318046569824,0
0.10006097704172134,0.1001364067196846,-7.542967796325684e-05,0.09953712671995163,0.0005238503217697144,0.09963411837816238,0.00042685866355895996,0.1017201691865921,-0.001659192144870758,0.10077517479658127,-0.0007141977548599243,0.10120793431997299,-0.001146957278251648,0.10303959250450134,-0.0029786154627799988,0.10266242921352386,-0.0026014521718025208,0
0.17387016117572784,0.1708221286535263,0.003048032522201538,0.17387016117572784,0.0,0.1731961965560913,0.0006739646196365356,0.17450784146785736,-0.0006376802921295166,0.17072634398937225,0.003143817186355591,0.17360375821590424,0.0002664029598236084,0.1615145206451416,0.012355640530586243,0.17767496407032013,-0.003804802894592285,0
0.16148975491523743,0.161489799618721,-4.470348358154297e-08,0.16117876768112183,0.0003109872341156006,0.16251489520072937,-0.0010251402854919434,0.16289138793945312,-0.0014016330242156982,0.1627018004655838,-0.0012120455503463745,0.16422410309314728,-0.002734348177909851,0.16499720513820648,-0.003507450222969055,0.16810454428195953,-0.006614789366722107,0
0.1302262842655182,0.13050724565982819,-0.00028096139430999756,0.1304403841495514,-0.00021409988403320312,0.13096514344215393,-0.0007388591766357422,0.12951931357383728,0.0007069706916809082,0.1317000538110733,-0.0014737695455551147,0.13383309543132782,-0.0036068111658096313,0.13940098881721497,-0.009174704551696777,0.13798274099826813,-0.007756456732749939,0
0.17641332745552063,0.17510953545570374,0.0013037919998168945,0.17673060297966003,-0.0003172755241394043,0.17497135698795319,0.0014419704675674438,0.1769653558731079,-0.0005520284175872803,0.18477627635002136,-0.008362948894500732,0.17807891964912415,-0.0016655921936035156,0.18395251035690308,-0.007539182901382446,0.1815187782049179,-0.005105450749397278,0
0.20511212944984436,0.20027640461921692,0.004835724830627441,0.20489895343780518,0.00021317601203918457,0.19666776061058044,0.008444368839263916,0.2057550549507141,-0.000642925500869751,0.19647081196308136,0.008641317486763,0.2078176736831665,-0.0027055442333221436,0.19949324429035187,0.005618885159492493,0.21110011637210846,-0.005987986922264099,0
0.12989453971385956,0.12901520729064941,0.000879332423210144,0.13147397339344025,-0.0015794336795806885,0.13463729619979858,-0.004742756485939026,0.13198132812976837,-0.0020867884159088135,0.13551144301891327,-0.005616903305053711,0.13199877738952637,-0.002104237675666809,0.1421191692352295,-0.012224629521369934,0.14121192693710327,-0.011317387223243713,0
0.14336007833480835,0.14464618265628815,-0.0012861043214797974,0.14342756569385529,-6.748735904693604e-05,0.1457594335079193,-0.002399355173110962,0.14654715359210968,-0.0031870752573013306,0.14636598527431488,-0.0030059069395065308,0.14728952944278717,-0.003929451107978821,0.15509453415870667,-0.011734455823898315,0.1488204449415207,-0.005460366606712341,0
0.19385500252246857,0.19500026106834412,-0.0011452585458755493,0.19403661787509918,-0.00018161535263061523,0.19739754498004913,-0.0035425424575805664,0.19658803939819336,-0.0027330368757247925,0.1941116601228714,-0.00025665760040283203,0.19679757952690125,-0.0029425770044326782,0.19482116401195526,-0.0009661614894866943,0.20208251476287842,-0.008227512240409851,0
0.17128318548202515,0.16832304000854492,0.0029601454734802246,0.17472858726978302,-0.0034454017877578735,0.1695811152458191,0.0017020702362060547,0.17621174454689026,-0.004928559064865112,0.170744851231575,0.0005383342504501343,0.17962858080863953,-0.00834539532661438,0.17106212675571442,0.00022105872631072998,0.18095017969608307,-0.009666994214057922,0
0.17950457334518433,0.1805671751499176,-0.0010626018047332764,0.18108680844306946,-0.0015822350978851318,0.1829441785812378,-0.003439605236053467,0.18187908828258514,-0.002374514937400818,0.1830136626958847,-0.0035090893507003784,0.18677374720573425,-0.007269173860549927,0.19032275676727295,-0.010818183422088623,0.18940800428390503,-0.009903430938720703,0
0.1131453663110733,0.11082970350980759,0.0023156628012657166,0.11316142231225967,-1.605600118637085e-05,0.10810895264148712,0.005036413669586182,0.1141330897808075,-0.000987723469734192,0.10810895264148712,0.005036413669586182,0.1133086085319519,-0.00016324222087860107,0.10596562922000885,0.007179737091064453,0.11410818994045258,-0.0009628236293792725,0
0.18900619447231293,0.18873564898967743,0.00027054548263549805,0.18912990391254425,-0.00012370944023132324,0.1952449232339859,-0.006238728761672974,0.19674427807331085,-0.007738083600997925,0.1999995857477188,-0.010993391275405884,0.20181143283843994,-0.012805238366127014,0.1989285945892334,-0.009922400116920471,0.20602816343307495,-0.017021968960762024,0
0.179740309715271,0.1758841574192047,0.003856152296066284,0.1790640503168106,0.0006762593984603882,0.1794695109128952,0.00027079880237579346,0.18227049708366394,-0.0025301873683929443,0.18001410365104675,-0.00027379393577575684,0.18175362050533295,-0.0020133107900619507,0.18004809319972992,-0.00030778348445892334,0.186522975564003,-0.006782665848731995,0
0.1492392122745514,0.14912545680999756,0.00011375546455383301,0.14931640028953552,-7.718801498413086e-05,0.15216679871082306,-0.0029275864362716675,0.15235911309719086,-0.0031199008226394653,0.15216679871082306,-0.0029275864362716675,0.15633662045001984,-0.007097408175468445,0.1545332819223404,-0.0052940696477890015,0.15890081226825714,-0.00966159999370575,0
0.13451403379440308,0.13451403379440308,0.0,0.13342757523059845,0.0010864585638046265,0.13119471073150635,0.0033193230628967285,0.13598673045635223,-0.0014726966619491577,0.13131475448608398,0.003199279308319092,0.13676981627941132,-0.0022557824850082397,0.13067860901355743,0.003835424780845642,0.1392083317041397,-0.004694297909736633,0
0.22240601480007172,0.21941575407981873,0.0029902607202529907,0.22261282801628113,-0.00020681321620941162,0.22718240320682526,-0.00477638840675354,0.2266860157251358,-0.004280000925064087,0.23009316623210907,-0.0076871514320373535,0.22972941398620605,-0.007323399186134338,0.22883646190166473,-0.006430447101593018,0.23237811028957367,-0.009972095489501953,0
0.16586343944072723,0.16403190791606903,0.0018315315246582031,0.16600804030895233,-0.00014460086822509766,0.16336949169635773,0.002493947744369507,0.17016203701496124,-0.004298597574234009,0.16253353655338287,0.0033299028873443604,0.17121131718158722,-0.005347877740859985,0.16891485452651978,-0.0030514150857925415,0.17475232481956482,-0.008888885378837585,0
0.2610190212726593,0.26507315039634705,-0.004054129123687744,0.2587618827819824,0.00225713849067688,0.2715078294277191,-0.010488808155059814,0.26027047634124756,0.0007485449314117432,0.2719082236289978,-0.010889202356338501,0.25686246156692505,0.004156559705734253,0.27812641859054565,-0.017107397317886353,0.25546029210090637,0.00555872917175293,0
0.8456149101257324,0.7562594413757324,0.08935546875,0.9557932019233704,-0.11017829179763794,0.9659814238548279,-0.12036651372909546,0.9494141936302185,-0.10379928350448608,0.9695494771003723,-0.12393456697463989,0.9594011902809143,-0.11378628015518188,0.941240131855011,-0.09562522172927856,0.9598186016082764,-0.11420369148254395,0
0.13363957405090332,0.13459767401218414,-0.0009580999612808228,0.13438047468662262,-0.0007409006357192993,0.13495226204395294,-0.0013126879930496216,0.134124755859375,-0.0004851818084716797,0.1354047656059265,-0.0017651915550231934,0.13454198837280273,-0.0009024143218994141,0.14123010635375977,-0.007590532302856445,0.13873593509197235,-0.005096361041069031,0
0.20846016705036163,0.20684188604354858,0.0016182810068130493,0.20789436995983124,0.0005657970905303955,0.19637201726436615,0.012088149785995483,0.20787103474140167,0.0005891323089599609,0.19684401154518127,0.011616155505180359,0.2123710960149765,-0.003910928964614868,0.20119798183441162,0.007262185215950012,0.21514178812503815,-0.006681621074676514,0
0.1995375007390976,0.20131365954875946,-0.0017761588096618652,0.20040208101272583,-0.0008645802736282349,0.20461560785770416,-0.005078107118606567,0.20040208101272583,-0.0008645802736282349,0.21274790167808533,-0.013210400938987732,0.2030176818370819,-0.003480181097984314,0.21008944511413574,-0.010551944375038147,0.21323643624782562,-0.013698935508728027,0
0.19129720330238342,0.1919010579586029,-0.0006038546562194824,0.19389821588993073,-0.0026010125875473022,0.19451932609081268,-0.0032221227884292603,0.1945902407169342,-0.0032930374145507812,0.19640131294727325,-0.0051041096448898315,0.19526706635951996,-0.003969863057136536,0.20610153675079346,-0.014804333448410034,0.20887137949466705,-0.01757417619228363,0
0.25651824474334717,0.250548779964447,0.0059694647789001465,0.2574339509010315,-0.0009157061576843262,0.24409233033657074,0.012425914406776428,0.2590804994106293,-0.0025622546672821045,0.2493177056312561,0.0072005391120910645,0.25953125953674316,-0.003013014793395996,0.255466490983963,0.0010517537593841553,0.2602247893810272,-0.0037065446376800537,0
0.17541681230068207,0.16880519688129425,0.006611615419387817,0.17783957719802856,-0.0024227648973464966,0.17029106616973877,0.005125746130943298,0.1775343120098114,-0.0021174997091293335,0.17229731380939484,0.0031194984912872314,0.1768033653497696,-0.0013865530490875244,0.17350785434246063,0.0019089579582214355,0.18122784793376923,-0.005811035633087158,0
0.4227888882160187,0.401893675327301,0.02089521288871765,0.43887466192245483,-0.016085773706436157,0.4002293348312378,0.022559553384780884,0.4342229664325714,-0.011434078216552734,0.4002293348312378,0.022559553384780884,0.4296247363090515,-0.006835848093032837,0.39477527141571045,0.028013616800308228,0.42367514967918396,-0.0008862614631652832,0
0.21274733543395996,0.2143174111843109,-0.0015700757503509521,0.21149221062660217,0.001255124807357788,0.214042067527771,-0.0012947320938110352,0.21882300078868866,-0.006075665354728699,0.20572276413440704,0.0070245712995529175,0.2183801382780075,-0.005632802844047546,0.20533601939678192,0.0074113160371780396,0.22551582753658295,-0.012768492102622986,0
0.2816202938556671,0.2828007936477661,-0.001180499792098999,0.2816202938556671,0.0,0.2981173098087311,-0.016497015953063965,0.28932812809944153,-0.007707834243774414,0.2981173098087311,-0.016497015953063965,0.2988475263118744,-0.017227232456207275,0.3104969561100006,-0.028876662254333496,0.3142011761665344,-0.03258088231086731,0
0.16772645711898804,0.16790272295475006,-0.00017626583576202393,0.1675422191619873,0.00018423795700073242,0.1678360104560852,-0.00010955333709716797,0.16986322402954102,-0.0021367669105529785,0.16700834035873413,0.0007181167602539062,0.17320896685123444,-0.005482509732246399,0.16595187783241272,0.0017745792865753174,0.17203375697135925,-0.004307299852371216,0
0.11537867039442062,0.11399604380130768,0.0013826265931129456,0.11580982804298401,-0.000431157648563385,0.11552030593156815,-0.00014163553714752197,0.11569487303495407,-0.00031620264053344727,0.11360189318656921,0.00177677720785141,0.11682391911745071,-0.0014452487230300903,0.11413706839084625,0.0012416020035743713,0.12153182923793793,-0.0061531588435173035,0
0.23625801503658295,0.23177748918533325,0.004480525851249695,0.23907841742038727,-0.0028204023838043213,0.24015770852565765,-0.003899693489074707,0.24022254347801208,-0.003964528441429138,0.24241293966770172,-0.006154924631118774,0.24328753352165222,-0.007029518485069275,0.2441401332616806,-0.007882118225097656,0.2513083219528198,-0.015050306916236877,0
0.26142334938049316,0.26360252499580383,-0.002179175615310669,0.2647246718406677,-0.0033013224601745605,0.2682879865169525,-0.006864637136459351,0.26768678426742554,-0.006263434886932373,0.27450546622276306,-0.013082116842269897,0.2701992094516754,-0.008775860071182251,0.28357774019241333,-0.022154390811920166,0.281350314617157,-0.01992696523666382,0
0.18270115554332733,0.18500259518623352,-0.002301439642906189,0.18632738292217255,-0.003626227378845215,0.1877690851688385,-0.005067929625511169,0.1882472187280655,-0.005546063184738159,0.18763083219528198,-0.004929676651954651,0.1901831179857254,-0.007481962442398071,0.18968504667282104,-0.006983891129493713,0.190428227186203,-0.007727071642875671,0
0.16385088860988617,0.16449017822742462,-0.0006392896175384521,0.1692471206188202,-0.005396232008934021,0.16789619624614716,-0.004045307636260986,0.1681537926197052,-0.004302904009819031,0.17062607407569885,-0.006775185465812683,0.16800899803638458,-0.004158109426498413,0.17442865669727325,-0.010577768087387085,0.16793501377105713,-0.0040841251611709595,0
0.19479629397392273,0.19479629397392273,0.0,0.1987336128950119,-0.003937318921089172,0.19391267001628876,0.0008836239576339722,0.20370715856552124,-0.00891086459159851,0.19417575001716614,0.0006205439567565918,0.20695026218891144,-0.012153968214988708,0.20283012092113495,-0.00803382694721222,0.2076837122440338,-0.012887418270111084,0
0.22530144453048706,0.2290382981300354,-0.00373685359954834,0.22556467354297638,-0.00026322901248931885,0.23607943952083588,-0.010777994990348816,0.2247457355260849,0.0005557090044021606,0.23607943952083588,-0.010777994990348816,0.22935563325881958,-0.0040541887283325195,0.24478287994861603,-0.019481435418128967,0.2379787117242813,-0.01267726719379425,0
0.2530156373977661,0.25373759865760803,-0.0007219612598419189,0.25335848331451416,-0.0003428459167480469,0.25864753127098083,-0.005631893873214722,0.2589576840400696,-0.005942046642303467,0.25987616181373596,-0.006860524415969849,0.2612234354019165,-0.00820779800415039,0.2623063623905182,-0.009290724992752075,0.27158933877944946,-0.01857370138168335,0
0.13838061690330505,0.1362691968679428,0.0021114200353622437,0.13888582587242126,-0.0005052089691162109,0.13608025014400482,0.002300366759300232,0.1406637579202652,-0.002283141016960144,0.13608025014400482,0.002300366759300232,0.1425318568944931,-0.004151239991188049,0.13628362119197845,0.002096995711326599,0.1428719460964203,-0.004491329193115234,0
0.16840048134326935,0.16904765367507935,-0.0006471723318099976,0.1684132069349289,-1.2725591659545898e-05,0.17077623307704926,-0.0023757517337799072,0.16856375336647034,-0.00016327202320098877,0.17104998230934143,-0.0026495009660720825,0.16772276163101196,0.0006777197122573853,0.16697002947330475,0.0014304518699645996,0.17321783304214478,-0.004817351698875427,0
0.18337400257587433,0.18457409739494324,-0.0012000948190689087,0.1847696751356125,-0.0013956725597381592,0.18646439909934998,-0.003090396523475647,0.18877947330474854,-0.0054054707288742065,0.1865590214729309,-0.0031850188970565796,0.18960894644260406,-0.006234943866729736,0.19143244624137878,-0.008058443665504456,0.1937379390001297,-0.010363936424255371,0
0.14291395246982574,0.14277833700180054,0.00013561546802520752,0.14322872459888458,-0.0003147721290588379,0.1419450044631958,0.0009689480066299438,0.14393582940101624,-0.0010218769311904907,0.1401837021112442,0.002730250358581543,0.14383694529533386,-0.0009229928255081177,0.1407134085893631,0.0022005438804626465,0.14526745676994324,-0.0023535043001174927,0
0.14386670291423798,0.1423412412405014,0.0015254616737365723,0.14359773695468903,0.0002689659595489502,0.13918371498584747,0.004682987928390503,0.14468581974506378,-0.0008191168308258057,0.13890928030014038,0.004957422614097595,0.14549371600151062,-0.001627013087272644,0.14235588908195496,0.00151081383228302,0.15288026630878448,-0.009013563394546509,0
0.21088896691799164,0.21203814446926117,-0.0011491775512695312,0.21088896691799164,0.0,0.2177899032831192,-0.0069009363651275635,0.2118365466594696,-0.0009475797414779663,0.21693013608455658,-0.006041169166564941,0.2118365466594696,-0.0009475797414779663,0.22027577459812164,-0.009386807680130005,0.21785868704319,-0.006969720125198364,0
0.15526877343654633,0.15666893124580383,-0.0014001578092575073,0.1558350771665573,-0.0005663037300109863,0.1569252610206604,-0.0016564875841140747,0.15734738111495972,-0.002078607678413391,0.15985065698623657,-0.004581883549690247,0.1599903404712677,-0.0047215670347213745,0.16593500971794128,-0.010666236281394958,0.16462938487529755,-0.00936061143875122,0
0.12372726202011108,0.12341155856847763,0.00031570345163345337,0.125226229429245,-0.0014989674091339111,0.12255506962537766,0.001172192394733429,0.12628939747810364,-0.0025621354579925537,0.12186499685049057,0.001862265169620514,0.1276189535856247,-0.003891691565513611,0.12019598484039307,0.0035312771797180176,0.1316896378993988,-0.00796237587928772,0
0.23269911110401154,0.23226910829544067,0.0004300028085708618,0.23419886827468872,-0.001499757170677185,0.22989629209041595,0.002802819013595581,0.23667645454406738,-0.003977343440055847,0.2352759838104248,-0.002576872706413269,0.2406252771615982,-0.00792616605758667,0.23709797859191895,-0.00439886748790741,0.2361796647310257,-0.00348055362701416,0
0.18488362431526184,0.18273456394672394,0.002149060368537903,0.1883055567741394,-0.0034219324588775635,0.18976742029190063,-0.004883795976638794,0.190374955534935,-0.005491331219673157,0.19008146226406097,-0.005197837948799133,0.18932877480983734,-0.0044451504945755005,0.190694198012352,-0.005810573697090149,0.18846243619918823,-0.0035788118839263916,0
0.22390155494213104,0.2161882370710373,0.00771331787109375,0.22390146553516388,8.940696716308594e-08,0.19130149483680725,0.03260006010532379,0.22767086327075958,-0.00376930832862854,0.19130149483680725,0.03260006010532379,0.22799254953861237,-0.004090994596481323,0.19116903841495514,0.0327325165271759,0.23351122438907623,-0.00960966944694519,0
0.12815631926059723,0.12603747844696045,0.00211884081363678,0.12746822834014893,0.0006880909204483032,0.12353350222110748,0.004622817039489746,0.12917982041835785,-0.0010235011577606201,0.12353350222110748,0.004622817039489746,0.13061445951461792,-0.002458140254020691,0.12233294546604156,0.005823373794555664,0.1315924972295761,-0.003436177968978882,0
0.17310406267642975,0.1742551624774933,-0.0011510998010635376,0.17310410737991333,-4.470348358154297e-08,0.177045077085495,-0.003941014409065247,0.17363402247428894,-0.0005299597978591919,0.17832699418067932,-0.005222931504249573,0.176096573472023,-0.0029925107955932617,0.18463391065597534,-0.011529847979545593,0.17867735028266907,-0.005573287606239319,0
0.119960255920887,0.11775217950344086,0.0022080764174461365,0.1197352334856987,0.00022502243518829346,0.11714573949575424,0.0028145164251327515,0.11912770569324493,0.0008325502276420593,0.1160021424293518,0.003958113491535187,0.12173566967248917,-0.0017754137516021729,0.11501219123601913,0.004948064684867859,0.12653061747550964,-0.00657036155462265,0
0.16499197483062744,0.168931245803833,-0.003939270973205566,0.1676572859287262,-0.002665311098098755,0.168931245803833,-0.003939270973205566,0.1671971082687378,-0.0022051334381103516,0.17706947028636932,-0.012077495455741882,0.1706102192401886,-0.005618244409561157,0.18336768448352814,-0.018375709652900696,0.17512503266334534,-0.010133057832717896,0
0.30206194519996643,0.3041154742240906,-0.0020535290241241455,0.30235373973846436,-0.0002917945384979248,0.3095249533653259,-0.007463008165359497,0.3114510774612427,-0.009389132261276245,0.30660539865493774,-0.0045434534549713135,0.3097372353076935,-0.007675290107727051,0.3030976951122284,-0.0010357499122619629,0.30257493257522583,-0.0005129873752593994,0
0.13342377543449402,0.13384799659252167,-0.0004242211580276489,0.1334073841571808,1.6391277313232422e-05,0.13478703796863556,-0.0013632625341415405,0.1374715119600296,-0.0040477365255355835,0.13381685316562653,-0.0003930777311325073,0.13558480143547058,-0.0021610260009765625,0.13972313702106476,-0.00629936158657074,0.14250323176383972,-0.009079456329345703,0
0.31260982155799866,0.30867740511894226,0.0039324164390563965,0.31163159012794495,0.000978231430053711,0.3057853877544403,0.00682443380355835,0.3263489902019501,-0.013739168643951416,0.3116186559200287,0.0009911656379699707,0.3290386199951172,-0.01642879843711853,0.31454169750213623,-0.0019318759441375732,0.34628719091415405,-0.033677369356155396,0
0.19931623339653015,0.1999814361333847,-0.0006652027368545532,0.19931629300117493,-5.960464477539063e-08,0.20502549409866333,-0.005709260702133179,0.2036355435848236,-0.004319310188293457,0.20724038779735565,-0.0079241544008255,0.21033725142478943,-0.011021018028259277,0.20080529153347015,-0.0014890581369400024,0.2170657366514206,-0.017749503254890442,0
0.16120626032352448,0.16249407827854156,-0.0012878179550170898,0.1622937172651291,-0.0010874569416046143,0.1618230640888214,-0.000616803765296936,0.16356223821640015,-0.0023559778928756714,0.16412706673145294,-0.002920806407928467,0.16854563355445862,-0.007339373230934143,0.16464072465896606,-0.0034344643354415894,0.16998527944087982,-0.008779019117355347,0
0.15336237847805023,0.14869461953639984,0.004667758941650391,0.15367837250232697,-0.0003159940242767334,0.14828859269618988,0.0050737857818603516,0.1553502231836319,-0.001987844705581665,0.15363693237304688,-0.00027455389499664307,0.15917885303497314,-0.005816474556922913,0.15684987604618073,-0.003487497568130493,0.1625194251537323,-0.009157046675682068,0
0.22894711792469025,0.22167536616325378,0.007271751761436462,0.22473850846290588,0.004208609461784363,0.22636088728904724,0.0025862306356430054,0.22153647243976593,0.007410645484924316,0.2353598177433014,-0.006412699818611145,0.22294986248016357,0.005997255444526672,0.234654501080513,-0.005707383155822754,0.22718879580497742,0.0017583221197128296,0
0.22300556302070618,0.22004109621047974,0.0029644668102264404,0.2254369705915451,-0.0024314075708389282,0.21822966635227203,0.004775896668434143,0.2351396381855011,-0.012134075164794922,0.21660812199115753,0.006397441029548645,0.25689607858657837,-0.03389051556587219,0.21741512417793274,0.0055904388427734375,0.2617078721523285,-0.038702309131622314,0
0.1668442040681839,0.16023069620132446,0.006613507866859436,0.16697350144386292,-0.0001292973756790161,0.16067597270011902,0.00616823136806488,0.16668479144573212,0.00015941262245178223,0.16463467478752136,0.0022095292806625366,0.16817212104797363,-0.0013279169797897339,0.16695280373096466,-0.00010859966278076172,0.1716899573802948,-0.004845753312110901,0
0.14054559171199799,0.14281994104385376,-0.002274349331855774,0.14011353254318237,0.0004320591688156128,0.14648185670375824,-0.005936264991760254,0.14041289687156677,0.00013269484043121338,0.14624184370040894,-0.00569625198841095,0.14387595653533936,-0.0033303648233413696,0.15040868520736694,-0.009863093495368958,0.15361088514328003,-0.013065293431282043,0
0.33734551072120667,0.3428265154361725,-0.00548100471496582,0.33806857466697693,-0.0007230639457702637,0.35312941670417786,-0.01578390598297119,0.3430951237678528,-0.005749613046646118,0.3458258807659149,-0.008480370044708252,0.35311615467071533,-0.015770643949508667,0.3388935327529907,-0.0015480220317840576,0.35231441259384155,-0.014968901872634888,0
0.1956939548254013,0.1957656741142273,-7.171928882598877e-05,0.19718997180461884,-0.0014960169792175293,0.19708555936813354,-0.0013916045427322388,0.19761091470718384,-0.0019169598817825317,0.19708555936813354,-0.0013916045427322388,0.20175358653068542,-0.006059631705284119,0.19269150495529175,0.003002449870109558,0.20921561121940613,-0.013521656394004822,0
0.15270549058914185,0.14953429996967316,0.003171190619468689,0.15354503691196442,-0.0008395463228225708,0.15068934857845306,0.0020161420106887817,0.1515493243932724,0.0011561661958694458,0.15112777054309845,0.001577720046043396,0.15407459437847137,-0.0013691037893295288,0.1515752077102661,0.0011302828788757324,0.15684202313423157,-0.004136532545089722,0
0.19425369799137115,0.1993168294429779,-0.0050631314516067505,0.19605398178100586,-0.0018002837896347046,0.20455260574817657,-0.01029890775680542,0.19866496324539185,-0.004411265254020691,0.20968542993068695,-0.015431731939315796,0.20153188705444336,-0.007278189063072205,0.21626922488212585,-0.0220155268907547,0.20361126959323883,-0.009357571601867676,0
0.2017795294523239,0.20120380818843842,0.000575721263885498,0.2017795294523239,0.0,0.1970706433057785,0.00470888614654541,0.20281510055065155,-0.0010355710983276367,0.19545432925224304,0.006325200200080872,0.20190832018852234,-0.0001287907361984253,0.20907844603061676,-0.007298916578292847,0.2053406536579132,-0.0035611242055892944,0
0.14597012102603912,0.1451796591281891,0.0007904618978500366,0.14669828116893768,-0.0007281601428985596,0.14060504734516144,0.0053650736808776855,0.15024647116661072,-0.004276350140571594,0.141219824552536,0.004750296473503113,0.15073172748088837,-0.004761606454849243,0.14032238721847534,0.005647733807563782,0.15266761183738708,-0.006697490811347961,0
0.2919413149356842,0.2962157726287842,-0.004274457693099976,0.29180946946144104,0.00013184547424316406,0.3028410077095032,-0.01089969277381897,0.2914830148220062,0.0004583001136779785,0.30649030208587646,-0.01454898715019226,0.29397645592689514,-0.0020351409912109375,0.3085823059082031,-0.01664099097251892,0.3083139657974243,-0.016372650861740112,0
0.21754486858844757,0.2176068127155304,-6.194412708282471e-05,0.21973302960395813,-0.002188161015510559,0.21917079389095306,-0.0016259253025054932,0.22700583934783936,-0.009460970759391785,0.2212618589401245,-0.003716990351676941,0.2271738201379776,-0.00962895154953003,0.2234351485967636,-0.00589028000831604,0.2340722531080246,-0.016527384519577026,0
0.1488509625196457,0.14814211428165436,0.000708848237991333,0.14885099232196808,-2.9802322387695312e-08,0.1516282558441162,-0.00277729332447052,0.15029703080654144,-0.001446068286895752,0.1525687277317047,-0.003717765212059021,0.15468300879001617,-0.005832046270370483,0.1569279432296753,-0.008076980710029602,0.15723934769630432,-0.00838838517665863,0
0.22395813465118408,0.2247435450553894,-0.0007854104042053223,0.22581900656223297,-0.0018608719110488892,0.22574160993099213,-0.0017834752798080444,0.22797586023807526,-0.004017725586891174,0.23501302301883698,-0.011054888367652893,0.23070627450942993,-0.00674813985824585,0.23334351181983948,-0.009385377168655396,0.23506413400173187,-0.01110599935054779,0
0.2755003273487091,0.2751239538192749,0.0003763735294342041,0.2759091258049011,-0.0004087984561920166,0.27469292283058167,0.0008074045181274414,0.28193914890289307,-0.00643882155418396,0.2786465883255005,-0.003146260976791382,0.2891766130924225,-0.013676285743713379,0.29043006896972656,-0.014929741621017456,0.2893863022327423,-0.013885974884033203,0
0.1881587952375412,0.19069015979766846,-0.0025313645601272583,0.18880897760391235,-0.0006501823663711548,0.19278906285762787,-0.00463026762008667,0.19079799950122833,-0.002639204263687134,0.19944795966148376,-0.011289164423942566,0.19663852453231812,-0.008479729294776917,0.20865409076213837,-0.020495295524597168,0.2027265429496765,-0.014567747712135315,0
0.16543114185333252,0.1668037623167038,-0.0013726204633712769,0.16730009019374847,-0.0018689483404159546,0.1668037623167038,-0.0013726204633712769,0.17050831019878387,-0.005077168345451355,0.1668037623167038,-0.0013726204633712769,0.17285126447677612,-0.0074201226234436035,0.16871896386146545,-0.0032878220081329346,0.1803603172302246,-0.01492917537689209,0
